,precision,recall,f1-score,support
True,0.6964285714285714,0.5481927710843374,0.6134831460674158,498
False,0.8283752860411899,0.9012448132780083,0.8632750397456279,1205
