,Model,Precision,Recall,F1,AUC,Cross-Entropy (Train),Cross-Entropy (Test),Fit Time,Time per Fold*
0,baseline,0.7075748678802114,1.0,0.828748280605227,,,,0.0,
1,logistic,0.8283752860411899,0.9012448132780083,0.8632750397456279,0.8246629672215835,0.4182725995562598,0.4518835345679376,1827.281,10.15
2,logistic-weighted,0.8701421800947867,0.7618257261410788,0.8123893805309735,0.8237364395340698,0.4747192129366072,0.5110516224176523,348.948,7.75
3,decision-tree,0.7831325301204819,0.91701244813278,0.8448012232415902,0.7686513689613225,0.4456601723924122,0.5868858963527428,711.227,0.05
4,random-forest,0.8012729844413012,0.9402489626556016,0.8652157311951127,0.822744088386742,0.13090332387817197,0.46628472570471746,843.40,1.17
5,adaboost,0.8239329268292683,0.8970954356846473,0.8589590782677791,0.8261527437551035,0.6856342258519247,0.6861396448561865,1959.624,0.68
6,gradientboost,0.8158090976882924,0.9078838174273859,0.8593872741555382,0.8229015647652853,0.37041857031741066,0.45366090082564975,6061.631,0.63
